{
    "best_model": "bert-base-arabertv02/checkpoint-1665",
    "epoch": 50.0,
    "eval_exact_match": 0.3853211009174312,
    "eval_f1": 0.5966724140266969,
    "eval_optimal_pRR@5": 0.7242093004200246,
    "eval_pRR": 0.6118936288579826,
    "eval_samples": 109,
    "seed": 67961,
    "total_steps": 2250,
    "train_loss": 0.30949693383110893,
    "train_runtime": 5576.1937,
    "train_samples": 712,
    "train_samples_per_second": 6.384,
    "train_steps_per_second": 0.404
}