{
    "best_model": "bert-base-arabertv02/checkpoint-630",
    "epoch": 50.0,
    "eval_exact_match": 0.3761467889908257,
    "eval_f1": 0.5744916565445289,
    "eval_optimal_pRR@5": 0.7367038731234209,
    "eval_pRR": 0.6007873915261234,
    "eval_samples": 109,
    "seed": 25982,
    "total_steps": 2250,
    "train_loss": 0.282862931728363,
    "train_runtime": 5742.9395,
    "train_samples": 712,
    "train_samples_per_second": 6.199,
    "train_steps_per_second": 0.392
}