{
    "best_model": "bert-base-arabertv02/checkpoint-1800",
    "epoch": 50.0,
    "eval_exact_match": 0.3761467889908257,
    "eval_f1": 0.5847438339575863,
    "eval_optimal_pRR@5": 0.7104760014351653,
    "eval_pRR": 0.6033631073741117,
    "eval_samples": 109,
    "seed": 20172,
    "total_steps": 2250,
    "train_loss": 0.2765573357476128,
    "train_runtime": 6799.8256,
    "train_samples": 712,
    "train_samples_per_second": 5.235,
    "train_steps_per_second": 0.331
}