{
    "best_model": "bert-base-arabertv02/checkpoint-1170",
    "epoch": 50.0,
    "eval_exact_match": 0.3669724770642202,
    "eval_f1": 0.5888173214571641,
    "eval_optimal_pRR@5": 0.7564227921899187,
    "eval_pRR": 0.6155364818258914,
    "eval_samples": 109,
    "seed": 67981,
    "total_steps": 2250,
    "train_loss": 0.2917037057876587,
    "train_runtime": 3265.915,
    "train_samples": 712,
    "train_samples_per_second": 10.9,
    "train_steps_per_second": 0.689
}