{
    "best_model": "ARBERT/checkpoint-765",
    "epoch": 50.0,
    "eval_exact_match": 0.3669724770642202,
    "eval_f1": 0.5797853684967349,
    "eval_optimal_pRR@5": 0.7342038420489114,
    "eval_pRR": 0.6114601524280799,
    "eval_samples": 109,
    "seed": 59382,
    "total_steps": 2250,
    "train_loss": 0.2536093241903517,
    "train_runtime": 5492.7525,
    "train_samples": 711,
    "train_samples_per_second": 6.472,
    "train_steps_per_second": 0.41
}