{
    "best_model": "ARBERT/checkpoint-765",
    "epoch": 50.0,
    "eval_exact_match": 0.3761467889908257,
    "eval_f1": 0.5796534991060139,
    "eval_optimal_pRR@5": 0.7592857415971418,
    "eval_pRR": 0.6072939328506985,
    "eval_samples": 109,
    "seed": 73869,
    "total_steps": 2250,
    "train_loss": 0.22633983500798543,
    "train_runtime": 5780.2413,
    "train_samples": 711,
    "train_samples_per_second": 6.15,
    "train_steps_per_second": 0.389
}