{
    "best_model": "ARBERT/checkpoint-1485",
    "epoch": 50.0,
    "eval_exact_match": 0.3853211009174312,
    "eval_f1": 0.6014713779697077,
    "eval_optimal_pRR@5": 0.7233527982807411,
    "eval_pRR": 0.6221259832346442,
    "eval_samples": 109,
    "seed": 64988,
    "total_steps": 2250,
    "train_loss": 0.23146361814604866,
    "train_runtime": 5500.101,
    "train_samples": 711,
    "train_samples_per_second": 6.464,
    "train_steps_per_second": 0.409
}