{
    "best_model": "ARBERT/checkpoint-810",
    "epoch": 50.0,
    "eval_exact_match": 0.3761467889908257,
    "eval_f1": 0.5770310891323911,
    "eval_optimal_pRR@5": 0.7264100301499214,
    "eval_pRR": 0.5997227786640029,
    "eval_samples": 109,
    "seed": 73865,
    "total_steps": 2250,
    "train_loss": 0.23672526182068718,
    "train_runtime": 5649.9809,
    "train_samples": 711,
    "train_samples_per_second": 6.292,
    "train_steps_per_second": 0.398
}