{
    "best_model": "ARBERT/checkpoint-1755",
    "epoch": 50.0,
    "eval_exact_match": 0.4036697247706422,
    "eval_f1": 0.598944999332234,
    "eval_optimal_pRR@5": 0.7035424310792361,
    "eval_pRR": 0.6163472965122122,
    "eval_samples": 109,
    "seed": 73862,
    "total_steps": 2250,
    "train_loss": 0.23281623970137702,
    "train_runtime": 5634.5668,
    "train_samples": 711,
    "train_samples_per_second": 6.309,
    "train_steps_per_second": 0.399
}