{
    "best_model": "ARBERT/checkpoint-1935",
    "epoch": 50.0,
    "eval_exact_match": 0.3761467889908257,
    "eval_f1": 0.5879564125039597,
    "eval_optimal_pRR@5": 0.739851540149343,
    "eval_pRR": 0.6124117093632486,
    "eval_samples": 109,
    "seed": 59377,
    "total_steps": 2250,
    "train_loss": 0.2185182625187768,
    "train_runtime": 5492.4749,
    "train_samples": 711,
    "train_samples_per_second": 6.472,
    "train_steps_per_second": 0.41
}