{
    "best_model": "ARBERT/checkpoint-1575",
    "epoch": 50.0,
    "eval_exact_match": 0.3853211009174312,
    "eval_f1": 0.5755777760377785,
    "eval_optimal_pRR@5": 0.7257326276075673,
    "eval_pRR": 0.6004194880330809,
    "eval_samples": 109,
    "seed": 64952,
    "total_steps": 2250,
    "train_loss": 0.23247560087839764,
    "train_runtime": 5512.451,
    "train_samples": 711,
    "train_samples_per_second": 6.449,
    "train_steps_per_second": 0.408
}