{
    "best_model": "bert-large-arabertv02_1/checkpoint-4450",
    "epoch": 65.0,
    "eval_exact_match": 0.3669724770642202,
    "eval_f1": 0.6094392070514111,
    "eval_optimal_pRR@5": 0.7518913812618496,
    "eval_pRR": 0.6300350262791008,
    "eval_samples": 109,
    "seed": 79727,
    "total_steps": 5785,
    "train_loss": 0.25770819341713946,
    "train_runtime": 8125.7813,
    "train_samples": 712,
    "train_samples_per_second": 5.695,
    "train_steps_per_second": 0.712
}