{
    "best_model": "bert-large-arabertv02_1/checkpoint-4272",
    "epoch": 65.0,
    "eval_exact_match": 0.3669724770642202,
    "eval_f1": 0.5779258449305908,
    "eval_optimal_pRR@5": 0.7578173202145572,
    "eval_pRR": 0.6095610803378549,
    "eval_samples": 109,
    "seed": 40732,
    "total_steps": 5785,
    "train_loss": 0.2995654650979137,
    "train_runtime": 8117.4367,
    "train_samples": 712,
    "train_samples_per_second": 5.701,
    "train_steps_per_second": 0.713
}