{
    "best_model": "bert-large-arabertv02_1/checkpoint-1246",
    "epoch": 65.0,
    "eval_exact_match": 0.3577981651376147,
    "eval_f1": 0.5821430238564793,
    "eval_optimal_pRR@5": 0.7355440597149586,
    "eval_pRR": 0.6091092539516051,
    "eval_samples": 109,
    "seed": 38609,
    "total_steps": 5785,
    "train_loss": 0.220841533064121,
    "train_runtime": 8170.5133,
    "train_samples": 712,
    "train_samples_per_second": 5.664,
    "train_steps_per_second": 0.708
}