{
    "best_model": "bert-large-arabertv02_1/checkpoint-1602",
    "epoch": 65.0,
    "eval_exact_match": 0.3669724770642202,
    "eval_f1": 0.5911109832023669,
    "eval_optimal_pRR@5": 0.7668713993983731,
    "eval_pRR": 0.6135222869250505,
    "eval_samples": 109,
    "seed": 16213,
    "total_steps": 5785,
    "train_loss": 0.23825805848697804,
    "train_runtime": 8110.5651,
    "train_samples": 712,
    "train_samples_per_second": 5.706,
    "train_steps_per_second": 0.713
}