{
    "best_model": "bert-large-arabertv02_1/checkpoint-2136",
    "epoch": 65.0,
    "eval_exact_match": 0.3669724770642202,
    "eval_f1": 0.6001111275200628,
    "eval_optimal_pRR@5": 0.7699525876480167,
    "eval_pRR": 0.6268081373414427,
    "eval_samples": 109,
    "seed": 30429,
    "total_steps": 5785,
    "train_loss": 0.24996989076263243,
    "train_runtime": 8120.0686,
    "train_samples": 712,
    "train_samples_per_second": 5.699,
    "train_steps_per_second": 0.712
}