{
    "best_model": "ARBERT/checkpoint-990",
    "epoch": 50.0,
    "eval_exact_match": 0.3486238532110092,
    "eval_f1": 0.5831201609442497,
    "eval_optimal_pRR@5": 0.7408031590626875,
    "eval_pRR": 0.60390630045959,
    "eval_samples": 109,
    "seed": 77564,
    "total_steps": 2250,
    "train_loss": 0.2552655554877387,
    "train_runtime": 3552.121,
    "train_samples": 711,
    "train_samples_per_second": 10.008,
    "train_steps_per_second": 0.633
}