{
    "best_model": "ARBERT/checkpoint-900",
    "epoch": 50.0,
    "eval_exact_match": 0.3669724770642202,
    "eval_f1": 0.5961051340845297,
    "eval_optimal_pRR@5": 0.7304314414921474,
    "eval_pRR": 0.6142178847925756,
    "eval_samples": 109,
    "seed": 79583,
    "total_steps": 2250,
    "train_loss": 0.23219767260551452,
    "train_runtime": 5709.2156,
    "train_samples": 711,
    "train_samples_per_second": 6.227,
    "train_steps_per_second": 0.394
}