{
    "best_model": "bert-large-arabertv02_1/checkpoint-2581",
    "epoch": 65.0,
    "eval_exact_match": 0.3577981651376147,
    "eval_f1": 0.5860789282061791,
    "eval_optimal_pRR@5": 0.7449781015411528,
    "eval_pRR": 0.6164418774580851,
    "eval_samples": 109,
    "seed": 13718,
    "total_steps": 5785,
    "train_loss": 0.22452347227078423,
    "train_runtime": 8147.8679,
    "train_samples": 712,
    "train_samples_per_second": 5.68,
    "train_steps_per_second": 0.71
}