{
    "best_model": "bert-large-arabertv02_1/checkpoint-4717",
    "epoch": 65.0,
    "eval_exact_match": 0.3577981651376147,
    "eval_f1": 0.5891472859374639,
    "eval_optimal_pRR@5": 0.7593176603694888,
    "eval_pRR": 0.6174408359842374,
    "eval_samples": 109,
    "seed": 55067,
    "total_steps": 5785,
    "train_loss": 0.2615335674252918,
    "train_runtime": 8176.2198,
    "train_samples": 712,
    "train_samples_per_second": 5.66,
    "train_steps_per_second": 0.708
}