{
    "best_model": "bert-large-arabertv02_1/checkpoint-2136",
    "epoch": 65.0,
    "eval_exact_match": 0.3853211009174312,
    "eval_f1": 0.5805647460695104,
    "eval_optimal_pRR@5": 0.776672542019866,
    "eval_pRR": 0.608854438816351,
    "eval_samples": 109,
    "seed": 22228,
    "total_steps": 5785,
    "train_loss": 0.30708812772970107,
    "train_runtime": 8142.8185,
    "train_samples": 712,
    "train_samples_per_second": 5.684,
    "train_steps_per_second": 0.71
}