{
    "best_model": "bert-base-arabertv02/checkpoint-990",
    "epoch": 50.0,
    "eval_exact_match": 0.3577981651376147,
    "eval_f1": 0.586047911837144,
    "eval_optimal_pRR@5": 0.7203692276786744,
    "eval_pRR": 0.6055970634875842,
    "eval_samples": 109,
    "seed": 23415,
    "total_steps": 2250,
    "train_loss": 0.2881851306491428,
    "train_runtime": 3157.8884,
    "train_samples": 712,
    "train_samples_per_second": 11.273,
    "train_steps_per_second": 0.713
}