{
    "best_model": "bert-base-arabertv02/checkpoint-1890",
    "epoch": 50.0,
    "eval_exact_match": 0.3669724770642202,
    "eval_f1": 0.5774197940178938,
    "eval_optimal_pRR@5": 0.7207392434114356,
    "eval_pRR": 0.5928923159420079,
    "eval_samples": 109,
    "seed": 26612,
    "total_steps": 2250,
    "train_loss": 0.2984716035525004,
    "train_runtime": 3154.8035,
    "train_samples": 712,
    "train_samples_per_second": 11.284,
    "train_steps_per_second": 0.713
}